insert into universities(university_id,status,university_code,name,address,registered_date,logotype) values(1,'active','0011','Attractor','Бишкек, ул. ГдетоТам 5', date '1990-01-01', 'photo1' );
insert into universities(university_id,status,university_code,name,address,registered_date,logotype) values(2,'active','0012','АУЦА','Бишкек, ул. Тут 6', date '1991-01-01', 'photo2' );
insert into universities(university_id,status,university_code,name,address,registered_date,logotype) values(3,'active','0013','АУПКР','Бишкек, ул. ГдетоТам 7', date '2000-01-01', 'photo3' );
insert into universities(university_id,status,university_code,name,address,registered_date,logotype) values(4,'active','0014','КГЮА','Бишкек, ул. Абдрахманова 199', date '2001-01-01', 'photo4' );
insert into universities(university_id,status,university_code,name,address,registered_date,logotype) values(5,'active','0015','Славян','Бишкек, ул. КараЖыгач', date '2010-01-01', 'photo5' );

insert into roles(role_id,name,description) values(1,'SUPERADMIN','Доступ на все' );
insert into roles(role_id,name,description) values(2,'ADMIN','Может давать роли в причисленном ВУЗе, изменять данные как сотрудника так и студента, добавлять новых сотрудников' );
insert into roles(role_id,name,description) values(3,'EMPLOYEE','Может добавлять, просматривать и изменять данные таблицы студент' );
insert into roles(role_id,name,description) values(4,'STUDENT','может просматривать и изменять(1 раз при регистрации) только свою страницу' );

insert into users(user_id,username,password, university) values(1,'userName1','password1',20);
insert into users(user_id,username,password, university) values(2,'userName2','password2',19);
insert into users(user_id,username,password, university) values(3,'userName3','password3',18);
insert into users(user_id,username,password, university) values(4,'userName4','password4',17);
insert into users(user_id,username,password, university) values(5,'userName5','password5',16);
insert into users(user_id,username,password, university) values(6,'userName6','password6',15);
insert into users(user_id,username,password, university) values(7,'userName7','password7',14);
insert into users(user_id,username,password, university) values(8,'userName8','password8',13);
insert into users(user_id,username,password, university) values(9,'userName9','password9',12);
insert into users(user_id,username,password, university) values(10,'userName10','password10',11);
insert into users(user_id,username,password, university) values(11,'userName11','password11',10);
insert into users(user_id,username,password, university) values(12,'userName12','password12',9);
insert into users(user_id,username,password, university) values(13,'userName13','password13',8);
insert into users(user_id,username,password, university) values(14,'userName14','password14',7);
insert into users(user_id,username,password, university) values(15,'userName15','password15',6);
insert into users(user_id,username,password, university) values(16,'userName16','password16',5);
insert into users(user_id,username,password, university) values(17,'userName17','password17',4);
insert into users(user_id,username,password, university) values(18,'userName18','password18',3);
insert into users(user_id,username,password, university) values(19,'userName19','password19',2);
insert into users(user_id,username,password, university) values(20,'userName20','password20',1);

insert into person(person_id,status,personal_number, name,surname,middle_name,photo,faculty,department,type,registered_date,user_id) values(1,'active','00001','Имя1','Фамилия1','отчество1','Фото1','faculty','department','type', date '2000-01-01',1);
insert into person(person_id,status,personal_number, name,surname,middle_name,photo,faculty,department,type,registered_date,user_id) values(2,'active','00002','Имя2','Фамилия2','отчество2','Фото2','faculty','department','type', date '2000-01-01',2);
insert into person(person_id,status,personal_number, name,surname,middle_name,photo,faculty,department,type,registered_date,user_id) values(3,'active','00003','Имя3','Фамилия3','отчество3','Фото3','faculty','department','type', date '2000-01-01',3);
insert into person(person_id,status,personal_number, name,surname,middle_name,photo,faculty,department,type,registered_date,user_id) values(4,'active','00004','Имя4','Фамилия4','отчество4','Фото4','faculty','department','type', date '2000-01-01',4);
insert into person(person_id,status,personal_number, name,surname,middle_name,photo,faculty,department,type,registered_date,user_id) values(5,'active','00005','Имя5','Фамилия5','отчество5','Фото5','faculty','department','type', date '2000-01-01',5);
insert into person(person_id,status,personal_number, name,surname,middle_name,photo,faculty,department,type,registered_date,user_id) values(6,'active','00006','Имя6','Фамилия6','отчество6','Фото6','faculty','department','type', date '2000-01-01',6);
insert into person(person_id,status,personal_number, name,surname,middle_name,photo,faculty,department,type,registered_date,user_id) values(7,'active','00007','Имя7','Фамилия7','отчество7','Фото7','faculty','department','type', date '2000-01-01',7);
insert into person(person_id,status,personal_number, name,surname,middle_name,photo,faculty,department,type,registered_date,user_id) values(8,'active','00008','Имя8','Фамилия8','отчество8','Фото8','faculty','department','type', date '2000-01-01',8);
insert into person(person_id,status,personal_number, name,surname,middle_name,photo,faculty,department,type,registered_date,user_id) values(9,'active','00009','Имя9','Фамилия9','отчество9','Фото9','faculty','department','type', date '2000-01-01',9);
insert into person(person_id,status,personal_number, name,surname,middle_name,photo,faculty,department,type,registered_date,user_id) values(10,'active','00010','Имя10','Фамилия10','отчество10','Фото10','faculty','department','type', date '2000-01-01',10);
insert into person(person_id,status,personal_number, name,surname,middle_name,photo,faculty,department,type,registered_date,user_id) values(11,'active','00011','Имя11','Фамилия11','отчество11','Фото11','faculty','department','type', date '2000-01-01',11);
insert into person(person_id,status,personal_number, name,surname,middle_name,photo,faculty,department,type,registered_date,user_id) values(12,'active','00012','Имя12','Фамилия12','отчество12','Фото12','faculty','department','type', date '2000-01-01',12);
insert into person(person_id,status,personal_number, name,surname,middle_name,photo,faculty,department,type,registered_date,user_id) values(13,'active','00013','Имя13','Фамилия13','отчество13','Фото13','faculty','department','type', date '2000-01-01',13);
insert into person(person_id,status,personal_number, name,surname,middle_name,photo,faculty,department,type,registered_date,user_id) values(14,'active','00014','Имя14','Фамилия14','отчество14','Фото14','faculty','department','type', date '2000-01-01',14);
insert into person(person_id,status,personal_number, name,surname,middle_name,photo,faculty,department,type,registered_date,user_id) values(15,'active','00015','Имя15','Фамилия15','отчество15','Фото15','faculty','department','type', date '2000-01-01',15);
insert into person(person_id,status,personal_number, name,surname,middle_name,photo,faculty,department,type,registered_date,user_id) values(16,'active','00016','Имя16','Фамилия16','отчество16','Фото16','faculty','department','type', date '2000-01-01',16);
insert into person(person_id,status,personal_number, name,surname,middle_name,photo,faculty,department,type,registered_date,user_id) values(17,'active','00017','Имя17','Фамилия17','отчество17','Фото17','faculty','department','type', date '2000-01-01',17);
insert into person(person_id,status,personal_number, name,surname,middle_name,photo,faculty,department,type,registered_date,user_id) values(18,'active','00018','Имя18','Фамилия18','отчество18','Фото18','faculty','department','type', date '2000-01-01',18);
insert into person(person_id,status,personal_number, name,surname,middle_name,photo,faculty,department,type,registered_date,user_id) values(19,'active','00019','Имя19','Фамилия19','отчество19','Фото19','faculty','department','type', date '2000-01-01',19);
insert into person(person_id,status,personal_number, name,surname,middle_name,photo,faculty,department,type,registered_date,user_id) values(20,'active','00020','Имя20','Фамилия20','отчество20','Фото20','faculty','department','type', date '2000-01-01',20);

insert into users_roles(user_id, role_id) values(1,1);
insert into users_roles(user_id, role_id) values(2,2);
insert into users_roles(user_id, role_id) values(3,3);
insert into users_roles(user_id, role_id) values(4,4);
insert into users_roles(user_id, role_id) values(5,4);
insert into users_roles(user_id, role_id) values(6,4);
insert into users_roles(user_id, role_id) values(7,4);
insert into users_roles(user_id, role_id) values(8,3);
insert into users_roles(user_id, role_id) values(9,3);
insert into users_roles(user_id, role_id) values(10,4);
insert into users_roles(user_id, role_id) values(11,4);
insert into users_roles(user_id, role_id) values(12,4);
insert into users_roles(user_id, role_id) values(13,4);
insert into users_roles(user_id, role_id) values(14,4);
insert into users_roles(user_id, role_id) values(15,4);
insert into users_roles(user_id, role_id) values(16,4);
insert into users_roles(user_id, role_id) values(17,4);
insert into users_roles(user_id, role_id) values(18,4);
insert into users_roles(user_id, role_id) values(19,4);
insert into users_roles(user_id, role_id) values(20,3);